timestamp,Temperature
701906951,24.07468032836914
702069305,24.07468032836914
702226959,24.083574295043945
702386962,24.083574295043945
702547210,24.088022232055664
702706970,24.092470169067383
702866973,24.092470169067383
703026977,24.101364135742188
703186981,24.101364135742188
703346984,24.101364135742188
703506988,24.101364135742188
703666992,24.110258102416992
703826995,24.110258102416992
703987091,24.110258102416992
704147003,24.11915397644043
704307006,24.11915397644043
704467010,24.11915397644043
704627014,24.11470603942871
704787017,24.128047943115234
704947052,24.128047943115234
705107025,24.128047943115234
705267028,24.145837783813477
705427124,24.141389846801758
705587036,24.145837783813477
705747039,24.145837783813477
705907043,24.145837783813477
706069335,24.145837783813477
706227050,24.15473175048828
706387054,24.15473175048828
706547058,24.1591796875
706707061,24.163625717163086
706867126,24.163625717163086
707027191,24.172521591186523
707187072,24.168073654174805
707347076,24.181415557861328
707507080,24.172521591186523
707667083,24.172521591186523
707827087,24.172521591186523
707987091,24.172521591186523
708147094,24.181415557861328
708307220,24.185863494873047
708467102,24.185863494873047
708627105,24.190309524536133
708787109,24.185863494873047
708947113,24.19475746154785
709107116,24.190309524536133
709267120,24.19475746154785
709427124,24.199203491210938
709587127,24.208099365234375
709747344,24.208099365234375
709907196,24.21699333190918
710069671,24.21699333190918
710227416,24.208099365234375
710387695,24.21699333190918
710547149,24.21699333190918
710707183,24.21699333190918
710867187,24.230335235595703
711027221,24.230335235595703
711187316,24.225887298583984
711347198,24.23478126525879
711507202,24.230335235595703
711667205,24.23478126525879
711827209,24.239229202270508
711987213,24.239229202270508
712147186,24.243677139282227
712307189,24.243677139282227
712467193,24.243677139282227
712627288,24.257017135620117
712787200,24.243677139282227
712947204,24.261465072631836
713107208,24.25257110595703
713267211,24.261465072631836
713427215,24.261465072631836
713587219,24.265913009643555
713747222,24.265913009643555
713907226,24.27035903930664
714069396,24.27035903930664
714227233,24.27480697631836
714387237,24.27480697631836
714547241,24.27480697631836
714707244,24.279253005981445
714867248,24.279253005981445
715027252,24.279253005981445
715187255,24.288148880004883
715347259,24.288148880004883
715507476,24.288148880004883
715667266,24.29259490966797
715827270,24.29259490966797
715987274,24.288148880004883
716147277,24.297042846679688
716307281,24.297042846679688
716467285,24.301488876342773
716627288,24.305936813354492
716787292,24.305936813354492
716947509,24.305936813354492
717107299,24.314830780029297
717267303,24.310382843017578
717427307,24.310382843017578
717587310,24.314830780029297
717747314,24.314830780029297
717907318,24.3237247467041
718069366,24.3237247467041
718227325,24.32817268371582
718387329,24.332618713378906
718547332,24.332618713378906
718707336,24.332618713378906
718867340,24.34151268005371
719027343,24.34151268005371
719187347,24.34151268005371
719347351,24.34596061706543
719507354,24.34151268005371
719667358,24.350406646728516
719827362,24.35930061340332
719987365,24.350406646728516
720147369,24.350406646728516
720307342,24.35930061340332
720467437,24.354854583740234
720627777,24.36374855041504
720787719,24.35930061340332
720947387,24.372642517089844
721107421,24.372642517089844
721267578,24.368196487426758
721427520,24.368196487426758
721587493,24.377090454101562
721747497,24.372642517089844
721907470,24.38153648376465
722069244,24.38153648376465
722227447,24.377090454101562
722387451,24.385984420776367
722547393,24.385984420776367
722707611,24.385984420776367
722867431,24.394878387451172
723027435,24.394878387451172
723187438,24.394878387451172
723347442,24.394878387451172
723507446,24.399324417114258
723667449,24.403772354125977
723827453,24.408218383789062
723987457,24.41266632080078
724147644,24.417112350463867
724307464,24.41266632080078
724467468,24.41266632080078
724627471,24.421560287475586
724787475,24.421560287475586
724947814,24.426006317138672
725107482,24.421560287475586
725267486,24.421560287475586
725427490,24.421560287475586
725587463,24.421560287475586
725747802,24.43045425415039
725907501,24.43045425415039
726069122,24.439348220825195
726227508,24.43045425415039
726387512,24.439348220825195
726547821,24.439348220825195
726707519,24.4482421875
726867523,24.4482421875
727027679,24.44379425048828
727187469,24.457136154174805
727347534,24.457136154174805
727507537,24.457136154174805
727667541,24.452688217163086
727827880,24.457136154174805
727987548,24.452688217163086
728147552,24.457136154174805
728307556,24.46158218383789
728467559,24.46603012084961
728627563,24.470476150512695
728787567,24.46603012084961
728947570,24.470476150512695
729107574,24.474924087524414
729267578,24.470476150512695
729427581,24.470476150512695
729587585,24.4793701171875
729747589,24.474924087524414
729907745,24.48381805419922
730069458,24.48381805419922
730227600,24.4793701171875
730387603,24.488264083862305
730547607,24.48381805419922
730707580,24.492712020874023
730867614,24.488264083862305
731027740,24.49715805053711
731187988,24.492712020874023
731347747,24.492712020874023
731507629,24.501605987548828
731667633,24.501605987548828
731827667,24.510498046875
731987640,24.506052017211914
732147674,24.510498046875
732307739,24.506052017211914
732467681,24.51494598388672
732627685,24.510498046875
732787811,24.506052017211914
732947662,24.519392013549805
733107666,24.510498046875
733267669,24.519392013549805
733427673,24.51494598388672
733587707,24.519392013549805
733747650,24.523839950561523
733907714,24.532733917236328
734069213,24.519392013549805
734227722,24.52828598022461
734387695,24.52828598022461
734547729,24.52828598022461
734707733,24.532733917236328
734867828,24.532733917236328
735027709,24.52828598022461
735187683,24.537179946899414
735347747,24.54607391357422
735507812,24.537179946899414
735669067,24.532733917236328
735828887,24.541627883911133
735988800,24.54607391357422
736147735,24.537179946899414
736307739,24.54607391357422
736467742,24.550519943237305
736628417,24.554967880249023
736788330,24.554967880249023
736948242,24.563861846923828
737108154,24.554967880249023
737268066,24.55941390991211
737427978,24.572755813598633
737587890,24.554967880249023
737747955,24.563861846923828
737907745,24.568307876586914
738069946,24.572755813598633
738227783,24.568307876586914
738387786,24.572755813598633
738547912,24.57720184326172
738707794,24.572755813598633
738867797,24.581647872924805
739027801,24.572755813598633
739187805,24.57720184326172
739347961,24.586095809936523
739508514,24.586095809936523
739667907,24.586095809936523
739827972,24.581647872924805
739987823,24.586095809936523
740147827,24.594989776611328
740308166,24.59054183959961
740467834,24.594989776611328
740627838,24.599435806274414
740787841,24.594989776611328
740947845,24.599435806274414
741107940,24.60832977294922
741268066,24.594989776611328
741428314,24.60832977294922
741588348,24.60832977294922
741748046,24.60832977294922
741908233,24.617223739624023
742070068,24.612775802612305
742228912,24.617223739624023
742388702,24.60832977294922
742547912,24.612775802612305
742707885,24.617223739624023
742867950,24.617223739624023
743027954,24.617223739624023
743187927,24.62166976928711
743347900,24.612775802612305
743507965,24.62166976928711
743667907,24.626115798950195
743827911,24.626115798950195
743987915,24.626115798950195
744147918,24.626115798950195
744307922,24.617223739624023
744467926,24.62166976928711
744627929,24.617223739624023
744787933,24.630563735961914
744948120,24.630563735961914
745107940,24.630563735961914
745267944,24.635009765625
745427947,24.635009765625
745587951,24.630563735961914
745747955,24.63945770263672
745907958,24.643903732299805
746067962,24.643903732299805
746227966,24.643903732299805
746387969,24.643903732299805
746548126,24.643903732299805
746707977,24.64834976196289
746867980,24.643903732299805
747027984,24.63945770263672
747188323,24.65279769897461
747347991,24.643903732299805
747507995,24.661691665649414
747667999,24.65279769897461
747828125,24.65279769897461
747988159,24.64834976196289
748148010,24.657243728637695
748308013,24.657243728637695
748468017,24.65279769897461
748628021,24.661691665649414
748788024,24.65279769897461
748948028,24.661691665649414
749108032,24.6661376953125
749268035,24.670583724975586
749428039,24.6661376953125
749588195,24.670583724975586
749748382,24.670583724975586
749908050,24.670583724975586
750069702,24.670583724975586
750228057,24.670583724975586
750388061,24.675031661987305
750548065,24.670583724975586
750708068,24.675031661987305
750868072,24.670583724975586
751028076,24.67947769165039
751188079,24.683923721313477
751348083,24.67947769165039
751508270,24.688371658325195
751668060,24.69281768798828
751828338,24.688371658325195
751988311,24.69281768798828
752148101,24.69281768798828
752308135,24.697263717651367
752468078,24.697263717651367
752628143,24.688371658325195
752788116,24.697263717651367
752948242,24.71060562133789
753108215,24.697263717651367
753268218,24.697263717651367
753428161,24.706157684326172
753588165,24.706157684326172
753748138,24.706157684326172
753908142,24.71060562133789
754069305,24.715051651000977
754228149,24.706157684326172
754388244,24.715051651000977
754548156,24.71060562133789
754708160,24.715051651000977
754868164,24.72394561767578
755028198,24.72394561767578
755188171,24.72394561767578
755348175,24.72394561767578
755508178,24.728391647338867
755668182,24.728391647338867
755828186,24.72394561767578
755988311,24.732837677001953
756148193,24.732837677001953
756308197,24.732837677001953
756468200,24.737285614013672
756628204,24.741731643676758
756788208,24.741731643676758
756948211,24.737285614013672
757108215,24.737285614013672
757268218,24.746177673339844
757428222,24.741731643676758
757588226,24.746177673339844
757748229,24.750625610351562
757908233,24.75507164001465
758069183,24.75507164001465
758228240,24.750625610351562
758388244,24.75507164001465
758548248,24.75507164001465
758708343,24.759517669677734
758868255,24.759517669677734
759028259,24.759517669677734
759188262,24.759517669677734
759348266,24.759517669677734
759508605,24.759517669677734
759668273,24.772857666015625
759828277,24.772857666015625
759988281,24.76841163635254
760148284,24.77730369567871
760308288,24.76841163635254
760468292,24.77730369567871
760628295,24.77730369567871
760788421,24.77730369567871
760948303,24.772857666015625
761108306,24.77730369567871
761268310,24.77730369567871
761428314,24.78175163269043
761588317,24.786197662353516
761748321,24.786197662353516
761908325,24.7906436920166
762069641,24.786197662353516
762228393,24.799537658691406
762388549,24.786197662353516
762548339,24.803983688354492
762708374,24.79509162902832
762868316,24.7906436920166
763028381,24.812877655029297
763188415,24.803983688354492
763348449,24.799537658691406
763508392,24.803983688354492
763668395,24.812877655029297
763828430,24.80843162536621
763988433,24.803983688354492
764148406,24.812877655029297
764308410,24.82176971435547
764468597,24.812877655029297
764628570,24.82176971435547
764788391,24.812877655029297
764948394,24.812877655029297
765108398,24.82176971435547
765268554,24.826217651367188
765428405,24.82176971435547
765588409,24.826217651367188
765748565,24.826217651367188
765908416,24.826217651367188
766069488,24.830663681030273
766228424,24.830663681030273
766388427,24.839557647705078
766548431,24.830663681030273
766708435,24.830663681030273
766868438,24.83510971069336
767028686,24.83510971069336
767188446,24.844003677368164
767348602,24.84844970703125
767508636,24.84844970703125
767668579,24.844003677368164
767828460,24.844003677368164
767988464,24.839557647705078
768148468,24.852895736694336
768308471,24.844003677368164
768468475,24.852895736694336
768628479,24.84844970703125
768788818,24.84844970703125
768948699,24.852895736694336
769108489,24.857343673706055
769268524,24.857343673706055
769428527,24.857343673706055
769588500,24.86178970336914
769748504,24.86178970336914
769908538,24.86178970336914
770069213,24.866235733032227
770228546,24.857343673706055
770388519,24.866235733032227
770548553,24.870681762695312
770708557,24.86178970336914
770868560,24.866235733032227
771028625,24.866235733032227
771188537,24.866235733032227
771348541,24.866235733032227
771508544,24.87512969970703
771669830,24.866235733032227
771829528,24.870681762695312
771989410,24.866235733032227
772148559,24.87512969970703
772308685,24.870681762695312
772468597,24.866235733032227
772629486,24.866235733032227
772789398,24.866235733032227
772948822,24.879575729370117
773108612,24.87512969970703
773268554,24.870681762695312
773428619,24.879575729370117
773588623,24.87512969970703
773748809,24.866235733032227
773908752,24.884021759033203
774070983,24.87512969970703
774228607,24.884021759033203
774388610,24.879575729370117
774548736,24.87512969970703
774708587,24.87512969970703
774868621,24.87512969970703
775028625,24.87512969970703
775188751,24.87512969970703
775348632,24.87512969970703
775508636,24.87512969970703
775668640,24.866235733032227
775828643,24.870681762695312
775988769,24.866235733032227
776148651,24.870681762695312
776308654,24.870681762695312
776468658,24.866235733032227
776628662,24.879575729370117
776788848,24.866235733032227
776948669,24.870681762695312
777108673,24.870681762695312
777268676,24.866235733032227
777429046,24.866235733032227
777588684,24.86178970336914
777748687,24.870681762695312
777908691,24.866235733032227
778069519,24.857343673706055
778228698,24.86178970336914
778388702,24.866235733032227
778548706,24.857343673706055
778708709,24.86178970336914
778868835,24.86178970336914
779028717,24.866235733032227
779188720,24.86178970336914
779348724,24.852895736694336
779508850,24.86178970336914
779668731,24.86178970336914
779828735,24.857343673706055
779988739,24.86178970336914
780148742,24.86178970336914
780308746,24.857343673706055
780468750,24.857343673706055
780628845,24.852895736694336
780788757,24.852895736694336
780948760,24.857343673706055
781108764,24.857343673706055
781268768,24.857343673706055
781428771,24.866235733032227
781588775,24.86178970336914
781749053,24.857343673706055
781908782,24.857343673706055
782070343,24.84844970703125
782228790,24.857343673706055
782388946,24.857343673706055
782548797,24.84844970703125
782708770,24.857343673706055
782868774,24.857343673706055
783028839,24.857343673706055
783189361,24.866235733032227
783349212,24.866235733032227
783508972,24.857343673706055
783669067,24.866235733032227
783829528,24.86178970336914
783989440,24.866235733032227
784149597,24.866235733032227
784309753,24.87512969970703
784468902,24.870681762695312
784629028,24.866235733032227
784788848,24.87512969970703
784948913,24.879575729370117
785108917,24.884021759033203
785269042,24.879575729370117
785428894,24.884021759033203
785588867,24.879575729370117
785748870,24.88846778869629
785908874,24.88846778869629
786069183,24.897361755371094
786229278,24.88846778869629
786388885,24.897361755371094
786548889,24.897361755371094
786709014,24.892915725708008
786868896,24.892915725708008
787028900,24.90180778503418
787188903,24.90180778503418
787348907,24.90180778503418
787509002,24.910701751708984
787668914,24.90180778503418
787828918,24.910701751708984
787988922,24.90180778503418
788149047,24.906253814697266
788308929,24.90180778503418
788468933,24.910701751708984
788628936,24.906253814697266
788788940,24.910701751708984
788949310,24.91514778137207
789108947,24.906253814697266
789268951,24.910701751708984
789428955,24.910701751708984
789589080,24.906253814697266
789748962,24.906253814697266
789908966,24.910701751708984
790069213,24.906253814697266
790228973,24.910701751708984
790389099,24.910701751708984
790548980,24.90180778503418
790708984,24.910701751708984
790868988,24.910701751708984
791028991,24.910701751708984
791188995,24.910701751708984
791348999,24.910701751708984
791509002,24.910701751708984
791669006,24.910701751708984
791829345,24.910701751708984
791989013,24.910701751708984
792149017,24.910701751708984
792309020,24.906253814697266
792469146,24.91514778137207
792629150,24.91514778137207
792789031,24.910701751708984
792949035,24.91514778137207
793109008,24.910701751708984
793269104,24.91514778137207
793429260,24.910701751708984
793589324,24.91514778137207
793749481,24.91514778137207
793909179,24.910701751708984
794069580,24.910701751708984
794229095,24.91514778137207
794389068,24.919593811035156
794549102,24.92848777770996
794709136,24.91514778137207
794869140,24.919593811035156
795029083,24.919593811035156
795189117,24.92848777770996
795349243,24.92848777770996
795509094,24.919593811035156
795669067,24.919593811035156
795829101,24.924039840698242
795989105,24.92848777770996
796149108,24.924039840698242
796309112,24.932933807373047
796469116,24.92848777770996
796629119,24.92848777770996
796789215,24.932933807373047
796949127,24.92848777770996
797109130,24.932933807373047
797269134,24.92848777770996
797429138,24.937379837036133
797589141,24.94182586669922
797749145,24.937379837036133
797909149,24.94182586669922
798069152,24.94182586669922
798229278,24.946271896362305
798389160,24.946271896362305
798549163,24.946271896362305
798709167,24.946271896362305
798869171,24.950719833374023
799029174,24.95516586303711
799189178,24.950719833374023
799349182,24.950719833374023
799509185,24.959611892700195
799669311,24.96405792236328
799829376,24.95516586303711
799989196,24.95516586303711
800149200,24.96405792236328
800309204,24.96405792236328
800469207,24.96405792236328
800629211,24.96405792236328
800789215,24.96405792236328
800949218,24.968505859375
801109344,24.968505859375
801269226,24.972951889038086
801429229,24.972951889038086
801589416,24.972951889038086
801749237,24.977397918701172
801909332,24.981843948364258
802069671,24.972951889038086
802229248,24.981843948364258
802389251,24.981843948364258
802549346,24.986289978027344
802709259,24.981843948364258
802869262,24.986289978027344
803029266,24.986289978027344
803189270,24.981843948364258
803349273,24.990737915039062
803509277,24.986289978027344
803669342,24.986289978027344
803829376,24.999629974365234
803989562,24.990737915039062
804149658,24.990737915039062
804309295,24.999629974365234
804469329,24.999629974365234
804629333,24.999629974365234
804789489,24.999629974365234
804949371,24.999629974365234
805109436,24.999629974365234
805269348,24.99518394470215
805429504,24.999629974365234
805589660,24.999629974365234
805749328,25.008522033691406
805909393,25.008522033691406
806069427,24.99518394470215
806229431,25.008522033691406
806389465,25.00407600402832
806549346,25.00407600402832
806709320,25.008522033691406
806869506,25.008522033691406
807029357,25.012968063354492
807189361,25.008522033691406
807349365,25.01741600036621
807509368,25.008522033691406
807669372,25.012968063354492
807829376,25.008522033691406
807989379,25.00407600402832
808149383,25.01741600036621
808309478,25.01741600036621
808469390,25.012968063354492
808629547,25.01741600036621
808789398,25.01741600036621
808949371,25.021862030029297
809109588,25.021862030029297
809269409,25.01741600036621
809429412,25.026308059692383
809589416,25.026308059692383
809749633,25.026308059692383
809909423,25.03075408935547
810070953,25.03075408935547
810229431,25.03075408935547
810389434,25.03075408935547
810549438,25.026308059692383
810709442,25.03075408935547
810869445,25.035200119018555
811029449,25.035200119018555
811189636,25.035200119018555
811349456,25.035200119018555
811509460,25.039648056030273
811669464,25.026308059692383
811829467,25.04409408569336
811989471,25.04409408569336
812149475,25.035200119018555
812309478,25.035200119018555
812469482,25.035200119018555
812629669,25.04409408569336
812789611,25.04409408569336
812949493,25.04409408569336
813109497,25.05298614501953
813269500,25.05298614501953
813429504,25.04409408569336
813589508,25.04409408569336
813749511,25.048540115356445
813909515,25.048540115356445
814069976,25.048540115356445
814229492,25.048540115356445
814389648,25.04409408569336
814549713,25.05298614501953
814709930,25.048540115356445
814869628,25.048540115356445
815029571,25.05298614501953
815189575,25.048540115356445
815349548,25.048540115356445
815509918,25.061878204345703
815669616,25.057432174682617
815829620,25.05298614501953
815989593,25.05298614501953
816149597,25.05298614501953
816309692,25.057432174682617
816469604,25.05298614501953
816629608,25.05298614501953
816789581,25.05298614501953
816949951,25.05298614501953
817109588,25.05298614501953
817269592,25.057432174682617
817429595,25.057432174682617
817589599,25.057432174682617
817749725,25.057432174682617
817909606,25.061878204345703
818069610,25.057432174682617
818229614,25.057432174682617
818389862,25.061878204345703
818549621,25.05298614501953
818709625,25.061878204345703
818869628,25.057432174682617
819029632,25.05298614501953
819189636,25.061878204345703
819349639,25.057432174682617
819509643,25.048540115356445
819669647,25.057432174682617
819829956,25.057432174682617
819989654,25.057432174682617
820149658,25.057432174682617
820309661,25.05298614501953
820469665,25.05298614501953
820629669,25.05298614501953
820789672,25.061878204345703
820949676,25.05298614501953
821109680,25.05298614501953
821269897,25.057432174682617
821429687,25.048540115356445
821589691,25.05298614501953
821749694,25.04409408569336
821909698,25.05298614501953
822070037,25.05298614501953
822229705,25.05298614501953
822389709,25.048540115356445
822549713,25.048540115356445
822709808,25.05298614501953
822869720,25.057432174682617
823029724,25.05298614501953
823189727,25.05298614501953
823349731,25.05298614501953
823509826,25.05298614501953
823669738,25.05298614501953
823829742,25.05298614501953
823989746,25.05298614501953
824149871,25.057432174682617
824309753,25.04409408569336
824469757,25.05298614501953
824629791,25.057432174682617
824789855,25.05298614501953
824950012,25.05298614501953
825110137,25.057432174682617
825269775,25.057432174682617
825429779,25.05298614501953
825590179,25.061878204345703
825749816,25.057432174682617
825909881,25.061878204345703
826069824,25.06632423400879
826229797,25.061878204345703
826389831,25.05298614501953
826549865,25.057432174682617
826709808,25.05298614501953
826869873,25.05298614501953
827029876,25.061878204345703
827189819,25.061878204345703
827349792,25.061878204345703
827509826,25.057432174682617
827669830,25.057432174682617
827830078,25.05298614501953
827989837,25.06632423400879
828149841,25.061878204345703
828309844,25.061878204345703
828470001,25.075218200683594
828629852,25.05298614501953
828789855,25.061878204345703
828949859,25.06632423400879
829109863,25.06632423400879
829269866,25.061878204345703
829429870,25.061878204345703
829589874,25.061878204345703
829749877,25.061878204345703
829909881,25.061878204345703
830069885,25.061878204345703
830229888,25.061878204345703
830389892,25.061878204345703
830549896,25.057432174682617
830709899,25.06632423400879
830869903,25.070772171020508
831029907,25.061878204345703
831189910,25.06632423400879
831349914,25.06632423400879
831509918,25.057432174682617
831669921,25.061878204345703
831829925,25.061878204345703
831989929,25.061878204345703
832149932,25.061878204345703
832309936,25.070772171020508
832469940,25.070772171020508
832629943,25.061878204345703
832789947,25.070772171020508
832949951,25.075218200683594
833109954,25.061878204345703
833269958,25.070772171020508
833429962,25.070772171020508
833589965,25.070772171020508
833749969,25.075218200683594
833909973,25.070772171020508
834069976,25.06632423400879
834229980,25.06632423400879
834389984,25.070772171020508
834549987,25.06632423400879
834709991,25.070772171020508
834869995,25.070772171020508
835029998,25.075218200683594
835190032,25.070772171020508
835350158,25.06632423400879
835510223,25.070772171020508
835670013,25.06632423400879
835830047,25.075218200683594
835990020,25.070772171020508
836150054,25.070772171020508
836310058,25.061878204345703
836470092,25.06632423400879
836630096,25.06632423400879
836790039,25.061878204345703
836950073,25.070772171020508
837110076,25.061878204345703
837270050,25.061878204345703
837430023,25.061878204345703
837590057,25.061878204345703
837750061,25.06632423400879
837910064,25.06632423400879
838070068,25.06632423400879
838230072,25.070772171020508
838390075,25.06632423400879
838550079,25.06632423400879
838710174,25.061878204345703
838870086,25.061878204345703
839030090,25.061878204345703
839190216,25.05298614501953
839350097,25.061878204345703
839510284,25.05298614501953
839670104,25.057432174682617
839830108,25.05298614501953
839990112,25.061878204345703
840150115,25.05298614501953
840310119,25.05298614501953
840470123,25.057432174682617
840630157,25.05298614501953
840790130,25.061878204345703
840950378,25.05298614501953
841110168,25.05298614501953
841270172,25.05298614501953
841430175,25.05298614501953
841590148,25.04409408569336
841750152,25.04409408569336
841910186,25.048540115356445
842070190,25.048540115356445
842230194,25.048540115356445
842390167,25.035200119018555
842550231,25.039648056030273
842711425,25.04409408569336
842871490,25.035200119018555
843031250,25.035200119018555
843191192,25.04409408569336
843351135,25.039648056030273
843511169,25.039648056030273
843671051,25.035200119018555
843830841,25.035200119018555
843990753,25.021862030029297
844150207,25.021862030029297
844310211,25.01741600036621
844470214,25.021862030029297
844631042,25.01741600036621
844790740,25.021862030029297
844950897,25.021862030029297
845110229,25.01741600036621
845270233,25.01741600036621
845430236,25.008522033691406
845590270,25.008522033691406
845750457,25.012968063354492
845910552,25.008522033691406
846070251,25.008522033691406
846230285,24.999629974365234
846390228,25.00407600402832
846550292,25.008522033691406
846710327,25.008522033691406
846870269,25.00407600402832
847030273,24.999629974365234
847190277,25.00407600402832
847350311,24.990737915039062
847510345,24.990737915039062
847670288,24.99518394470215
847830474,24.990737915039062
847990325,24.990737915039062
848150299,24.990737915039062
848310272,24.990737915039062
848470306,24.986289978027344
848630432,24.990737915039062
848790313,24.986289978027344
848950317,24.981843948364258
849110321,24.981843948364258
849270385,24.986289978027344
849430328,24.981843948364258
849590332,24.972951889038086
849750335,24.972951889038086
849910339,24.972951889038086
850070465,24.972951889038086
850230438,24.981843948364258
850390350,24.959611892700195
850550354,24.96405792236328
850710449,24.96405792236328
850870361,24.959611892700195
851030364,24.96405792236328
851190368,24.96405792236328
851350372,24.959611892700195
851510375,24.96405792236328
851670715,24.959611892700195
851830383,24.96405792236328
851990386,24.95516586303711
852150482,24.95516586303711
852310394,24.950719833374023
852470397,24.95516586303711
852630401,24.950719833374023
852790405,24.950719833374023
852950531,24.94182586669922
853110412,24.950719833374023
853270416,24.950719833374023
853430419,24.94182586669922
853590423,24.946271896362305
853750427,24.94182586669922
853910430,24.94182586669922
854070434,24.946271896362305
854230438,24.937379837036133
854390441,24.94182586669922
854550476,24.937379837036133
854710449,24.94182586669922
854870452,24.94182586669922
855030578,24.937379837036133
855190460,24.937379837036133
855350463,24.932933807373047
855510467,24.932933807373047
855670471,24.937379837036133
855830841,24.932933807373047
855990539,24.92848777770996
856150634,24.932933807373047
856310668,24.937379837036133
856470825,24.92848777770996
856630615,24.92848777770996
856790527,24.92848777770996
856950531,24.94182586669922
857110504,24.94182586669922
857270782,24.92848777770996
857430511,24.92848777770996
857590576,24.932933807373047
857750549,24.932933807373047
857910705,24.94182586669922
858070800,24.94182586669922
858230560,24.94182586669922
858390533,24.92848777770996
858550537,24.932933807373047
858710662,24.937379837036133
858870544,24.932933807373047
859030548,24.92848777770996
859190551,24.932933807373047
859350555,24.932933807373047
859510650,24.92848777770996
859670562,24.92848777770996
859830566,24.937379837036133
859990570,24.924039840698242
860150573,24.932933807373047
860310577,24.92848777770996
860470581,24.92848777770996
860630584,24.937379837036133
860790588,24.946271896362305
860950958,24.937379837036133
861110595,24.92848777770996
861270599,24.932933807373047
861430603,24.932933807373047
861590728,24.932933807373047
861750610,24.932933807373047
861910614,24.92848777770996
862070617,24.92848777770996
862230804,24.937379837036133
862390747,24.92848777770996
862550628,24.92848777770996
862710632,24.92848777770996
862870635,24.937379837036133
863030761,24.94182586669922
863190643,24.946271896362305
863350646,24.937379837036133
863510650,24.937379837036133
863670776,24.937379837036133
863830841,24.937379837036133
863990661,24.92848777770996
864150665,24.937379837036133
864310668,24.932933807373047
864470794,24.937379837036133
864630676,24.932933807373047
864790679,24.946271896362305
864950683,24.937379837036133
865110809,24.932933807373047
865270935,24.937379837036133
865431060,24.937379837036133
865590698,24.924039840698242
865750701,24.94182586669922
865910705,24.94182586669922
866070648,24.92848777770996
866230682,24.92848777770996
866390686,24.92848777770996
866550842,24.937379837036133
866710968,24.937379837036133
866871124,24.92848777770996
867030700,24.937379837036133
867190765,24.92848777770996
867350799,24.937379837036133
867510955,24.92848777770996
867671173,24.937379837036133
867831268,24.937379837036133
867991516,24.937379837036133
868151580,24.937379837036133
868311126,24.92848777770996
868470825,24.937379837036133
868630798,24.92848777770996
868790802,24.92848777770996
868950805,24.937379837036133
869110778,24.937379837036133
869270751,24.92848777770996
869430786,24.932933807373047
869590972,24.937379837036133
869750793,24.932933807373047
869910797,24.94182586669922
870070800,24.92848777770996
870230926,24.937379837036133
870390808,24.94182586669922
870550811,24.92848777770996
870710815,24.92848777770996
870870941,24.924039840698242
871030822,24.92848777770996
871190856,24.932933807373047
871350830,24.92848777770996
871510833,24.92848777770996
871670837,24.924039840698242
871830841,24.92848777770996
871990844,24.92848777770996
872150848,24.924039840698242
872310974,24.919593811035156
872470855,24.919593811035156
872630859,24.92848777770996
872790863,24.91514778137207
872950866,24.919593811035156
873110839,24.91514778137207
873270874,24.91514778137207
873430877,24.91514778137207
873590881,24.906253814697266
873750885,24.910701751708984
873910888,24.910701751708984
874070892,24.910701751708984
874230895,24.906253814697266
874390899,24.910701751708984
874550903,24.910701751708984
874710906,24.90180778503418
874870910,24.910701751708984
875030914,24.897361755371094
875191040,24.91514778137207
875350921,24.90180778503418
875510925,24.90180778503418
875670928,24.90180778503418
875830932,24.90180778503418
875990936,24.892915725708008
876150939,24.892915725708008
876310943,24.90180778503418
876470947,24.892915725708008
876630950,24.88846778869629
876790954,24.88846778869629
876951049,24.897361755371094
877111175,24.88846778869629
877271301,24.88846778869629
877430969,24.884021759033203
877590972,24.879575729370117
877750976,24.884021759033203
877911010,24.892915725708008
878071166,24.884021759033203
878231048,24.88846778869629
878391265,24.87512969970703
878551025,24.884021759033203
878711059,24.87512969970703
878871032,24.87512969970703
879031036,24.879575729370117
879191040,24.884021759033203
879351043,24.87512969970703
879511169,24.87512969970703
879671020,24.879575729370117
879830993,24.870681762695312
879991058,24.870681762695312
880151092,24.87512969970703
880311035,24.87512969970703
880471038,24.870681762695312
880631042,24.870681762695312
880791046,24.870681762695312
880951354,24.870681762695312
881111267,24.870681762695312
881271057,24.866235733032227
881431060,24.86178970336914
881591064,24.857343673706055
881751190,24.866235733032227
881911071,24.86178970336914
882071075,24.857343673706055
882231079,24.86178970336914
882391204,24.852895736694336
882551086,24.86178970336914
882711090,24.86178970336914
882871093,24.857343673706055
883031097,24.84844970703125
883191253,24.857343673706055
883351104,24.852895736694336
883511108,24.857343673706055
883671112,24.84844970703125
883831237,24.84844970703125
883991119,24.839557647705078
884151123,24.839557647705078
884311126,24.844003677368164
884471130,24.844003677368164
884631256,24.83510971069336
884791168,24.844003677368164
884951141,24.830663681030273
885111145,24.839557647705078
885271240,24.84844970703125
885431152,24.830663681030273
885591156,24.83510971069336
885751159,24.830663681030273
885911163,24.82176971435547
886071350,24.830663681030273
886231170,24.82176971435547
886391174,24.82176971435547
886551177,24.82176971435547
886711181,24.82176971435547
886871185,24.812877655029297
887031188,24.82176971435547
887191223,24.817323684692383
887351165,24.812877655029297
887511383,24.80843162536621
887671447,24.80843162536621
887831237,24.812877655029297
887991241,24.80843162536621
888151428,24.80843162536621
888311340,24.80843162536621
888471405,24.803983688354492
888631683,24.786197662353516
888791748,24.803983688354492
888951995,24.79509162902832
889112121,24.7906436920166
889271270,24.7906436920166
889431304,24.7906436920166
889591217,24.786197662353516
889751281,24.799537658691406
889911285,24.786197662353516
890071258,24.78175163269043
890231231,24.77730369567871
890391418,24.78175163269043
890551269,24.78175163269043
890711273,24.77730369567871
890871276,24.76841163635254
891031341,24.772857666015625
891191314,24.76841163635254
891351287,24.76841163635254
891511291,24.759517669677734
891671295,24.76841163635254
891831298,24.76841163635254
891991302,24.76841163635254
892151306,24.76841163635254
892311309,24.750625610351562
892471435,24.759517669677734
892631317,24.75507164001465
892791320,24.75507164001465
892951324,24.750625610351562
893111328,24.746177673339844
893271697,24.750625610351562
893431335,24.750625610351562
893591339,24.750625610351562
893751342,24.741731643676758
893911468,24.741731643676758
894071350,24.737285614013672
894231353,24.737285614013672
894391357,24.741731643676758
894551361,24.741731643676758
894711730,24.737285614013672
894871368,24.732837677001953
895031372,24.737285614013672
895191375,24.72394561767578
895351501,24.732837677001953
895511383,24.732837677001953
895671386,24.732837677001953
895831390,24.732837677001953
895991394,24.72394561767578
896151397,24.732837677001953
896311401,24.728391647338867
896471405,24.728391647338867
896631408,24.719497680664062
896791595,24.715051651000977
896951416,24.719497680664062
897111419,24.72394561767578
897271423,24.72394561767578
897431427,24.728391647338867
897591430,24.72394561767578
897751708,24.715051651000977
897911682,24.71060562133789
898071746,24.715051651000977
898231567,24.72394561767578
898391571,24.715051651000977
898551452,24.715051651000977
898711486,24.715051651000977
898871490,24.719497680664062
899031799,24.715051651000977
899191497,24.71060562133789
899351470,24.72394561767578
899511505,24.715051651000977
899671630,24.706157684326172
899831848,24.71060562133789
899991455,24.71060562133789
900151885,24.71060562133789
900311492,24.701711654663086
900471679,24.71060562133789
900631500,24.706157684326172
900791503,24.715051651000977
900951507,24.715051651000977
901111511,24.715051651000977
901271606,24.71060562133789
901431518,24.715051651000977
901591522,24.706157684326172
901751525,24.706157684326172
901911834,24.697263717651367
902071533,24.706157684326172
902231536,24.706157684326172
902391540,24.715051651000977
902551727,24.706157684326172
902711547,24.706157684326172
902871551,24.715051651000977
903031555,24.697263717651367
903191589,24.706157684326172
903351562,24.697263717651367
903511566,24.706157684326172
903671569,24.697263717651367
903831573,24.706157684326172
903991699,24.697263717651367
904151580,24.697263717651367
904311584,24.697263717651367
904471923,24.71060562133789
904631591,24.706157684326172
904791870,24.69281768798828
904951599,24.697263717651367
905111602,24.697263717651367
905271606,24.706157684326172
905431610,24.69281768798828
905591613,24.697263717651367
905751617,24.69281768798828
905911621,24.69281768798828
906071624,24.688371658325195
906231628,24.697263717651367
906391632,24.697263717651367
906551635,24.697263717651367
906711639,24.697263717651367
906871887,24.706157684326172
907031768,24.69281768798828
907191680,24.697263717651367
907351654,24.683923721313477
907511657,24.688371658325195
907671844,24.69281768798828
907831665,24.67947769165039
907991638,24.688371658325195
908151733,24.69281768798828
908312072,24.688371658325195
908471954,24.67947769165039
908632110,24.69281768798828
908791656,24.688371658325195
908951721,24.67947769165039
909111816,24.67947769165039
909271697,24.688371658325195
909431854,24.683923721313477
909591979,24.67947769165039
909752319,24.683923721313477
909912445,24.675031661987305
910072845,24.683923721313477
910231750,24.67947769165039
910391784,24.67947769165039
910551727,24.683923721313477
910711761,24.670583724975586
910871765,24.675031661987305
911031738,24.670583724975586
911191894,24.675031661987305
911351745,24.675031661987305
911511749,24.675031661987305
911671752,24.6661376953125
911831756,24.670583724975586
911991760,24.670583724975586
912151763,24.6661376953125
912311767,24.6661376953125
912471771,24.661691665649414
912631896,24.6661376953125
912791778,24.670583724975586
912951782,24.670583724975586
913111785,24.661691665649414
913271789,24.657243728637695
913431793,24.661691665649414
913591796,24.6661376953125
913751800,24.661691665649414
913911804,24.657243728637695
914071807,24.65279769897461
914231811,24.661691665649414
914391815,24.643903732299805
914551818,24.65279769897461
914711822,24.657243728637695
914871826,24.64834976196289
915031860,24.643903732299805
915191833,24.64834976196289
915351867,24.643903732299805
915511993,24.63945770263672
915671875,24.635009765625
915831848,24.643903732299805
915991882,24.63945770263672
916151885,24.635009765625
916311889,24.643903732299805
916471862,24.635009765625
916631835,24.63945770263672
916791900,24.635009765625
916953491,24.643903732299805
917113189,24.635009765625
917273101,24.630563735961914
917433013,24.630563735961914
917593048,24.630563735961914
917752838,24.630563735961914
917912811,24.630563735961914
918072753,24.626115798950195
918233032,24.635009765625
918392883,24.630563735961914
918552764,24.630563735961914
918712707,24.626115798950195
918872619,24.630563735961914
919032653,24.62166976928711
919194610,24.62166976928711
919352020,24.626115798950195
919511993,24.612775802612305
919671936,24.62166976928711
919832122,24.617223739624023
919992004,24.62166976928711
920151977,24.617223739624023
920311950,24.626115798950195
920471984,24.62166976928711
920631988,24.612775802612305
920791992,24.612775802612305
920951965,24.60832977294922
921111968,24.6038818359375
921272155,24.60832977294922
921431976,24.617223739624023
921591979,24.60832977294922
921751983,24.60832977294922
921911987,24.612775802612305
922072113,24.6038818359375
922231994,24.599435806274414
922391998,24.59054183959961
922552001,24.599435806274414
922712158,24.59054183959961
922872009,24.59054183959961
923032012,24.599435806274414
923194152,24.599435806274414
923352020,24.59054183959961
923512023,24.586095809936523
923672027,24.586095809936523
923832031,24.59054183959961
923992034,24.586095809936523
924152282,24.59054183959961
924312042,24.57720184326172
924472045,24.59054183959961
924632049,24.57720184326172
924792053,24.57720184326172
924952148,24.581647872924805
925112060,24.572755813598633
925272064,24.572755813598633
925432098,24.572755813598633
925592346,24.572755813598633
925752075,24.568307876586914
925912078,24.554967880249023
926072082,24.568307876586914
926232086,24.563861846923828
926392089,24.572755813598633
926552093,24.563861846923828
926712097,24.554967880249023
926872100,24.550519943237305
927032409,24.554967880249023
927194274,24.554967880249023
927352111,24.554967880249023
927512115,24.537179946899414
927672119,24.541627883911133
927832244,24.537179946899414
927992126,24.54607391357422
928152130,24.541627883911133
928312133,24.537179946899414
928472351,24.541627883911133
928632141,24.537179946899414
928792144,24.537179946899414
928952117,24.537179946899414
929112213,24.52828598022461
929272399,24.532733917236328
929432525,24.532733917236328
929592163,24.52828598022461
929752166,24.52828598022461
929912384,24.52828598022461
930072204,24.52828598022461
930232208,24.52828598022461
930392211,24.52828598022461
930552185,24.52828598022461
930712188,24.523839950561523
930872192,24.519392013549805
931032226,24.51494598388672
931194458,24.51494598388672
931352416,24.51494598388672
931512237,24.519392013549805
931672210,24.519392013549805
931832244,24.506052017211914
931992248,24.510498046875
932152282,24.501605987548828
932312225,24.501605987548828
932472229,24.510498046875
932632232,24.506052017211914
932792266,24.501605987548828
932952270,24.506052017211914
933112243,24.49715805053711
933272247,24.49715805053711
933432250,24.488264083862305
933592254,24.492712020874023
933752258,24.49715805053711
933912261,24.48381805419922
934072265,24.488264083862305
934232299,24.492712020874023
934392272,24.488264083862305
934552276,24.48381805419922
934712280,24.492712020874023
934872283,24.492712020874023
935032287,24.48381805419922
935194183,24.4793701171875
935352478,24.4793701171875
935512298,24.474924087524414
935672424,24.474924087524414
935832305,24.474924087524414
935992309,24.4793701171875
936152313,24.474924087524414
936312316,24.474924087524414
936472320,24.474924087524414
936632324,24.46603012084961
936792327,24.46603012084961
936952331,24.457136154174805
937112335,24.46603012084961
937272338,24.457136154174805
937432342,24.452688217163086
937592346,24.452688217163086
937752349,24.4482421875
937912475,24.457136154174805
938072357,24.452688217163086
938232360,24.452688217163086
938392364,24.452688217163086
938552398,24.4482421875
938712371,24.44379425048828
938872375,24.439348220825195
939032379,24.439348220825195
939194702,24.439348220825195
939352600,24.43045425415039
939512481,24.439348220825195
939672515,24.43045425415039
939832672,24.43045425415039
939992584,24.43045425415039
940152404,24.434900283813477
940312408,24.421560287475586
940472442,24.426006317138672
940632446,24.421560287475586
940792449,24.421560287475586
940952423,24.421560287475586
941112426,24.426006317138672
941272460,24.41266632080078
941432464,24.41266632080078
941592437,24.408218383789062
941752410,24.41266632080078
941912445,24.408218383789062
942072448,24.403772354125977
942232452,24.41266632080078
942392639,24.403772354125977
942552459,24.399324417114258
942712463,24.408218383789062
942872589,24.403772354125977
943032470,24.408218383789062
943194213,24.403772354125977
943352478,24.394878387451172
943512603,24.394878387451172
943672485,24.403772354125977
943832489,24.390430450439453
943992492,24.394878387451172
944152496,24.399324417114258
944312622,24.394878387451172
944472503,24.403772354125977
944632507,24.394878387451172
944792510,24.385984420776367
944952514,24.394878387451172
945112518,24.394878387451172
945272521,24.390430450439453
945432525,24.390430450439453
945592529,24.385984420776367
945752655,24.390430450439453
945912536,24.385984420776367
946072540,24.385984420776367
946232543,24.385984420776367
946392669,24.385984420776367
946552551,24.38153648376465
946712554,24.385984420776367
946872558,24.38153648376465
947032562,24.377090454101562
947194488,24.385984420776367
947352569,24.390430450439453
947512573,24.394878387451172
947672576,24.38153648376465
947832702,24.385984420776367
947992675,24.385984420776367
948152587,24.385984420776367
948312591,24.377090454101562
948472595,24.377090454101562
948632598,24.385984420776367
948792602,24.385984420776367
948952606,24.377090454101562
949112609,24.38153648376465
949272613,24.385984420776367
949432617,24.38153648376465
949592620,24.38153648376465
949752990,24.377090454101562
949912658,24.377090454101562
950072875,24.38153648376465
950232940,24.38153648376465
950392639,24.385984420776367
950552673,24.377090454101562
950712738,24.38153648376465
950872711,24.38153648376465
951032684,24.38153648376465
951195159,24.38153648376465
951352844,24.372642517089844
951513122,24.377090454101562
951673187,24.38153648376465
951833221,24.38153648376465
951993469,24.38153648376465
952153808,24.377090454101562
952312683,24.38153648376465
952472747,24.377090454101562
952632751,24.372642517089844
952792907,24.368196487426758
952952728,24.354854583740234
953112731,24.372642517089844
953272735,24.372642517089844
953432708,24.368196487426758
953592834,24.36374855041504
953753875,24.368196487426758
953913421,24.36374855041504
954073211,24.35930061340332
954233459,24.368196487426758
954393218,24.36374855041504
954553039,24.368196487426758
954712860,24.368196487426758
954872863,24.368196487426758
955032775,24.368196487426758
955195159,24.35930061340332
955352752,24.36374855041504
955512756,24.35930061340332
955672760,24.35930061340332
955832946,24.354854583740234
955992767,24.35930061340332
956152770,24.354854583740234
956312774,24.354854583740234
956472778,24.350406646728516
956632781,24.350406646728516
956792785,24.34151268005371
956952789,24.34151268005371
957112792,24.350406646728516
957272888,24.34151268005371
957432800,24.350406646728516
957592803,24.34151268005371
957752807,24.337066650390625
957912933,24.34151268005371
958072814,24.337066650390625
958232818,24.332618713378906
958392852,24.337066650390625
958552825,24.337066650390625
958712951,24.337066650390625
958872833,24.332618713378906
959032836,24.337066650390625
959194183,24.332618713378906
959352844,24.332618713378906
959512847,24.32817268371582
959672851,24.332618713378906
959832855,24.332618713378906
959992858,24.332618713378906
960152984,24.314830780029297
960312896,24.32817268371582
960472991,24.32817268371582
960633087,24.310382843017578
960792968,24.314830780029297
960952911,24.3237247467041
961112884,24.314830780029297
961272918,24.314830780029297
961432922,24.310382843017578
961593109,24.319278717041016
961752929,24.314830780029297
961912933,24.314830780029297
962072937,24.305936813354492
962233062,24.305936813354492
962392913,24.310382843017578
962552947,24.310382843017578
962712951,24.305936813354492
962872924,24.305936813354492
963033081,24.301488876342773
963194274,24.301488876342773
963352935,24.297042846679688
963512939,24.301488876342773
963673065,24.288148880004883
963832946,24.29259490966797
963992950,24.29259490966797
964152954,24.288148880004883
964312957,24.297042846679688
964472961,24.288148880004883
964632965,24.283700942993164
964793151,24.288148880004883
964952972,24.279253005981445
965113098,24.288148880004883
965272979,24.279253005981445
965432983,24.279253005981445
965592987,24.27480697631836
965752990,24.27480697631836
965912994,24.27035903930664
966072998,24.27035903930664
966233001,24.27035903930664
966393005,24.27035903930664
966553100,24.265913009643555
966713012,24.265913009643555
966873016,24.261465072631836
967033020,24.261465072631836
967194396,24.257017135620117
967353149,24.257017135620117
967513031,24.257017135620117
967673034,24.25257110595703
967833038,24.25257110595703
967993041,24.248123168945312
968153045,24.243677139282227
968313049,24.239229202270508
968473052,24.230335235595703
968633056,24.23478126525879
968793060,24.243677139282227
968953063,24.239229202270508
969113067,24.230335235595703
969273071,24.23478126525879
969433166,24.225887298583984
969593170,24.2214412689209
969753082,24.21699333190918
969913085,24.225887298583984
970073089,24.21254539489746
970233184,24.208099365234375
970393096,24.21699333190918
970553100,24.21699333190918
970713134,24.208099365234375
970873229,24.208099365234375
971033386,24.208099365234375
971194732,24.203651428222656
971353149,24.203651428222656
971513122,24.190309524536133
971673156,24.199203491210938
971833160,24.185863494873047
971993133,24.190309524536133
972153259,24.185863494873047
972313293,24.185863494873047
972473144,24.190309524536133
972633178,24.181415557861328
972793182,24.181415557861328
972953155,24.181415557861328
973113220,24.17696762084961
973273193,24.17696762084961
973433197,24.172521591186523
973593200,24.172521591186523
973753204,24.172521591186523
973913177,24.172521591186523
974073211,24.1591796875
974233215,24.163625717163086
974393188,24.163625717163086
974553192,24.163625717163086
974713195,24.150283813476562
974873199,24.1591796875
975033203,24.1591796875
975194427,24.15473175048828
975353210,24.150283813476562
975513214,24.150283813476562
975673217,24.150283813476562
975833221,24.141389846801758
975993377,24.15473175048828
976153350,24.141389846801758
976313232,24.141389846801758
976473236,24.145837783813477
976633331,24.13694190979004
976793243,24.141389846801758
976953247,24.145837783813477
977113250,24.13694190979004
977273254,24.141389846801758
977433258,24.141389846801758
977593261,24.141389846801758
977753265,24.128047943115234
977913269,24.128047943115234
978073272,24.145837783813477
978233642,24.141389846801758
978393280,24.13694190979004
978553283,24.128047943115234
978713287,24.13694190979004
978873382,24.13694190979004
979033294,24.13694190979004
979194274,24.128047943115234
979353302,24.13694190979004
979513305,24.128047943115234
979673309,24.128047943115234
979833312,24.13694190979004
979993316,24.128047943115234
980153320,24.123600006103516
980313507,24.128047943115234
980473327,24.13694190979004
980633331,24.13694190979004
980793334,24.13694190979004
980953338,24.128047943115234
981113494,24.128047943115234
981273498,24.123600006103516
981433654,24.123600006103516
981593353,24.123600006103516
981753387,24.13694190979004
981913360,24.13694190979004
982073394,24.145837783813477
982233398,24.128047943115234
982393585,24.141389846801758
982553344,24.128047943115234
982713348,24.128047943115234
982873413,24.145837783813477
983033569,24.13694190979004
983194610,24.11915397644043
983353424,24.141389846801758
983513427,24.128047943115234
983673431,24.128047943115234
983833526,24.128047943115234
983993865,24.128047943115234
984153411,24.128047943115234
984313415,24.141389846801758
984473419,24.13694190979004
984633422,24.13694190979004
984793426,24.141389846801758
984953430,24.123600006103516
985113433,24.123600006103516
985273437,24.13694190979004
985433441,24.13694190979004
985593444,24.128047943115234
985753448,24.13694190979004
985913452,24.132495880126953
986073455,24.128047943115234
986233459,24.13694190979004
986393463,24.13694190979004
986553466,24.13694190979004
986713623,24.13694190979004
986873474,24.128047943115234
987033477,24.128047943115234
987194305,24.13694190979004
987353485,24.128047943115234
987513488,24.128047943115234
987673583,24.123600006103516
987833618,24.128047943115234
987993530,24.13694190979004
988153533,24.128047943115234
988313537,24.123600006103516
988473541,24.123600006103516
988633514,24.123600006103516
988793518,24.123600006103516
988953979,24.123600006103516
989113555,24.11470603942871
989273559,24.11915397644043
989433532,24.11915397644043
989595458,24.11915397644043
989755706,24.11915397644043
989914764,24.11915397644043
990074615,24.128047943115234
990233551,24.11470603942871
990393554,24.11470603942871
990553558,24.128047943115234
990713562,24.101364135742188
990874969,24.11915397644043
991033660,24.11470603942871
991196960,24.11470603942871
991353576,24.110258102416992
991513549,24.110258102416992
991673706,24.105812072753906
991834228,24.110258102416992
991993682,24.110258102416992
992153686,24.110258102416992
992313598,24.105812072753906
992473693,24.110258102416992
992633636,24.101364135742188
992794158,24.105812072753906
992954040,24.101364135742188
993113891,24.09691619873047
993273651,24.110258102416992
993433654,24.101364135742188
993593658,24.101364135742188
993753631,24.092470169067383
993913757,24.09691619873047
994073669,24.09691619873047
994233673,24.09691619873047
994393646,24.101364135742188
994553649,24.09691619873047
994713806,24.092470169067383
994873687,24.09691619873047
995033691,24.101364135742188
995194274,24.092470169067383
995353759,24.092470169067383
995513671,24.088022232055664
995673675,24.092470169067383
995833679,24.092470169067383
995993682,24.092470169067383
996153686,24.092470169067383
996313690,24.09691619873047
996473693,24.088022232055664
996633697,24.09691619873047
996793823,24.092470169067383
996953704,24.092470169067383
997113708,24.088022232055664
997273712,24.088022232055664
997433715,24.07912826538086
997593811,24.083574295043945
997753723,24.092470169067383
997913726,24.07468032836914
998073730,24.083574295043945
998233856,24.083574295043945
998393737,24.083574295043945
998553741,24.07468032836914
998713745,24.07912826538086
998873748,24.083574295043945
999033843,24.07912826538086
999194274,24.07468032836914
999353759,24.07912826538086
999513763,24.07468032836914
999673889,24.065786361694336
999833862,24.070232391357422
999993774,24.070232391357422
1000153778,24.065786361694336
1000313781,24.07468032836914
1000473876,24.065786361694336
1000633789,24.065786361694336
1000793792,24.065786361694336
1000953796,24.070232391357422
1001114166,24.065786361694336
1001273803,24.070232391357422
1001433807,24.0568904876709
1001593811,24.065786361694336
1001753814,24.070232391357422
1001913970,24.065786361694336
1002073974,24.05244255065918
1002234100,24.061338424682617
1002393829,24.061338424682617
1002553985,24.065786361694336
1002713836,24.0568904876709
1002873870,24.065786361694336
1003033874,24.061338424682617
1003194244,24.0568904876709
1003353942,24.061338424682617
1003513885,24.05244255065918
1003673889,24.0568904876709
1003833862,24.061338424682617
1003993988,24.05244255065918
1004153900,24.0568904876709
1004313873,24.05244255065918
1004473846,24.061338424682617
1004633880,24.0568904876709
1004793914,24.061338424682617
1004954040,24.0568904876709
1005113891,24.047996520996094
1005273895,24.05244255065918
1005434020,24.0568904876709
1005593902,24.05244255065918
1005753906,24.0568904876709
1005913909,24.0568904876709
1006073913,24.05244255065918
1006233947,24.0568904876709
1006393920,24.047996520996094
1006553924,24.047996520996094
1006713928,24.047996520996094
1006874023,24.047996520996094
1007033935,24.05244255065918
1007194305,24.05244255065918
1007353942,24.047996520996094
1007513946,24.05244255065918
1007673950,24.047996520996094
1007833953,24.05244255065918
1007993957,24.05244255065918
1008153961,24.05244255065918
1008314086,24.047996520996094
1008473968,24.047996520996094
1008633972,24.047996520996094
1008793975,24.05244255065918
1008953979,24.043548583984375
1009113983,24.039100646972656
1009273986,24.047996520996094
1009433990,24.047996520996094
1009593994,24.043548583984375
1009754180,24.043548583984375
1009914001,24.043548583984375
1010074005,24.03465461730957
1010234008,24.043548583984375
1010394012,24.03020668029785
1010554138,24.03020668029785
1010714019,24.039100646972656
1010874023,24.039100646972656
1011034027,24.03465461730957
1011194946,24.039100646972656
1011354034,24.03020668029785
1011514038,24.039100646972656
1011674041,24.03020668029785
1011834045,24.039100646972656
1011994171,24.039100646972656
1012154022,24.043548583984375
1012314117,24.03020668029785
1012474182,24.03020668029785
1012634552,24.025758743286133
1012794067,24.025758743286133
1012954101,24.021310806274414
1013114074,24.025758743286133
1013274108,24.016864776611328
1013434112,24.025758743286133
1013594085,24.03020668029785
1013754058,24.025758743286133
1013914093,24.03020668029785
1014074401,24.025758743286133
1014234161,24.016864776611328
1014394317,24.01241683959961
1014554473,24.025758743286133
1014714752,24.021310806274414
1014874786,24.021310806274414
1015034942,24.021310806274414
1015194366,24.016864776611328
1015354156,24.021310806274414
1015514251,24.016864776611328
1015674163,24.021310806274414
1015834167,24.021310806274414
1015994140,24.01241683959961
1016154113,24.01241683959961
1016314147,24.01241683959961
1016474151,24.016864776611328
1016634155,24.01241683959961
1016794158,24.01241683959961
1016954406,24.01241683959961
1017114166,24.01241683959961
1017274169,24.01241683959961
1017434173,24.01241683959961
1017594177,24.021310806274414
